arquivo,tipo,classe,nome,rank_cc,complexity,linha_ini,linha_fim
spotdl/context.py,function,,get_music_dir,A,1,8,10
spotdl/context.py,function,,set_music_dir,A,1,13,15
spotdl/context.py,function,,music_dir,A,1,19,25
spotdl/logging.py,function,,getLogger,A,1,204,204
spotdl/logging.py,function,,getLogger,A,1,206,206
spotdl/logging.py,method,ThreadLocalLevelLogger,__init__,A,1,158,161
spotdl/logging.py,method,ThreadLocalLevelLogger,level,A,1,172,173
spotdl/logging.py,method,ThreadLocalLevelLogger,set_global_level,A,1,175,180
spotdl/metadata_plugins.py,function,,_yield_from_plugins,A,1,77,110
spotdl/metadata_plugins.py,function,,materialize,A,1,82,86
spotdl/metadata_plugins.py,function,,candidates,A,1,115,116
spotdl/metadata_plugins.py,function,,item_candidates,A,1,121,122
spotdl/metadata_plugins.py,function,,albums_for_ids,A,1,127,128
spotdl/metadata_plugins.py,function,,tracks_for_ids,A,1,133,134
spotdl/metadata_plugins.py,method,MetadataSourcePlugin,data_source,A,1,183,188
spotdl/metadata_plugins.py,method,MetadataSourcePlugin,__init__,A,1,197,202
spotdl/metadata_plugins.py,method,MetadataSourcePlugin,album_for_id,A,1,207,210
spotdl/metadata_plugins.py,method,MetadataSourcePlugin,track_for_id,A,1,213,217
spotdl/metadata_plugins.py,method,MetadataSourcePlugin,candidates,A,1,222,234
spotdl/metadata_plugins.py,method,MetadataSourcePlugin,item_candidates,A,1,237,248
spotdl/metadata_plugins.py,method,MetadataSourcePlugin,_extract_id,A,1,272,278
spotdl/metadata_plugins.py,method,SearchApiMetadataSourcePlugin,__init__,A,1,363,365
spotdl/metadata_plugins.py,method,SearchApiMetadataSourcePlugin,get_search_query_with_filters,A,1,368,376
spotdl/metadata_plugins.py,method,SearchApiMetadataSourcePlugin,get_search_response,A,1,391,401
spotdl/metadata_plugins.py,method,SearchApiMetadataSourcePlugin,_get_candidates,A,1,432,439
spotdl/plugins.py,function,,find_plugins,A,1,497,498
spotdl/plugins.py,function,,notify_info_yielded,A,1,549,570
spotdl/plugins.py,function,,decorator,A,1,559,568
spotdl/plugins.py,method,PluginImportError,__init__,A,1,123,124
spotdl/plugins.py,method,PluginLogFilter,__init__,A,1,132,133
spotdl/plugins.py,method,SpotdlPlugin,commands,A,1,280,284
spotdl/plugins.py,method,SpotdlPlugin,get_early_import_stages,A,1,295,303
spotdl/plugins.py,method,SpotdlPlugin,get_import_stages,A,1,305,313
spotdl/plugins.py,method,SpotdlPlugin,_set_log_level_and_params,A,1,315,340
spotdl/plugins.py,method,SpotdlPlugin,queries,A,1,342,344
spotdl/plugins.py,method,SpotdlPlugin,add_media_field,A,1,346,360
spotdl/plugins.py,method,SpotdlPlugin,template_func,A,1,371,381
spotdl/plugins.py,function,,helper,A,1,377,379
spotdl/plugins.py,method,SpotdlPlugin,template_field,A,1,384,395
spotdl/plugins.py,function,,helper,A,1,391,393
spotdl/__init__.py,function,,__getattr__,A,1,26,29
spotdl/autotag/distance.py,function,,get_track_length_grace,A,1,365,367
spotdl/autotag/distance.py,function,,get_track_length_max,A,1,371,373
spotdl/autotag/distance.py,function,,track_index_changed,A,1,376,380
spotdl/autotag/distance.py,method,Distance,__init__,A,1,129,131
spotdl/autotag/distance.py,method,Distance,string,A,1,187,188
spotdl/autotag/distance.py,method,Distance,__hash__,A,1,207,208
spotdl/autotag/distance.py,method,Distance,__eq__,A,1,210,211
spotdl/autotag/distance.py,method,Distance,__lt__,A,1,215,216
spotdl/autotag/distance.py,method,Distance,__float__,A,1,218,219
spotdl/autotag/distance.py,method,Distance,__sub__,A,1,221,222
spotdl/autotag/distance.py,method,Distance,__rsub__,A,1,224,225
spotdl/autotag/distance.py,method,Distance,__str__,A,1,227,228
spotdl/autotag/distance.py,method,Distance,__iter__,A,1,240,241
spotdl/autotag/distance.py,method,Distance,__len__,A,1,243,244
spotdl/autotag/distance.py,method,Distance,add_string,A,1,350,355
spotdl/autotag/hooks.py,method,AttrDict,copy,A,1,107,109
spotdl/autotag/hooks.py,method,AttrDict,__setattr__,A,1,142,143
spotdl/autotag/hooks.py,method,AttrDict,__hash__,A,1,145,146
spotdl/autotag/hooks.py,method,Info,nullable_fields,A,1,161,163
spotdl/autotag/hooks.py,method,Info,id,A,1,175,177
spotdl/autotag/hooks.py,method,Info,identifier,A,1,180,182
spotdl/autotag/hooks.py,method,Info,name,A,1,185,186
spotdl/autotag/hooks.py,method,Info,__init__,A,1,221,251
spotdl/autotag/hooks.py,method,AlbumInfo,id,A,1,306,307
spotdl/autotag/hooks.py,method,AlbumInfo,__init__,A,1,336,397
spotdl/autotag/hooks.py,method,TrackInfo,id,A,1,427,428
spotdl/autotag/match.py,function,,_sort_candidates,A,1,340,342
spotdl/autotag/match.py,method,Match,apply_metadata,A,1,108,110
spotdl/autotag/match.py,method,Match,type,A,1,113,114
spotdl/autotag/match.py,method,Match,config_from_scratch,A,1,117,118
spotdl/autotag/match.py,method,Match,base_disambig_data,A,1,139,141
spotdl/autotag/match.py,method,AlbumMatch,__post_init__,A,1,167,169
spotdl/autotag/match.py,method,AlbumMatch,item_info_pairs,A,1,172,174
spotdl/autotag/match.py,method,AlbumMatch,apply_album_metadata,A,1,213,215
spotdl/dbcore/db.py,method,DBCustomFunctionError,__init__,A,1,90,92
spotdl/dbcore/db.py,method,FormattedMapping,__iter__,A,1,141,142
spotdl/dbcore/db.py,method,FormattedMapping,__len__,A,1,144,145
spotdl/dbcore/db.py,method,LazyConvertDict,__init__,A,1,188,193
spotdl/dbcore/db.py,method,LazyConvertDict,init,A,1,195,197
spotdl/dbcore/db.py,method,LazyConvertDict,_convert,A,1,199,201
spotdl/dbcore/db.py,method,LazyConvertDict,__setitem__,A,1,203,205
spotdl/dbcore/db.py,method,LazyConvertDict,keys,A,1,225,227
spotdl/dbcore/db.py,method,LazyConvertDict,copy,A,1,229,234
spotdl/dbcore/db.py,method,LazyConvertDict,__iter__,A,1,263,272
spotdl/dbcore/db.py,method,LazyConvertDict,__len__,A,1,274,276
spotdl/dbcore/db.py,method,Model,_types,A,1,332,334
spotdl/dbcore/db.py,method,Model,_queries,A,1,342,346
spotdl/dbcore/db.py,method,Model,_relation,A,1,360,362
spotdl/dbcore/db.py,method,Model,relation_join,A,1,365,370
spotdl/dbcore/db.py,method,Model,all_db_fields,A,1,373,374
spotdl/dbcore/db.py,method,Model,shared_db_fields,A,1,377,378
spotdl/dbcore/db.py,method,Model,other_db_fields,A,1,381,383
spotdl/dbcore/db.py,method,Model,db,A,1,386,391
spotdl/dbcore/db.py,method,Model,_getters,A,1,402,406
spotdl/dbcore/db.py,method,Model,_template_funcs,A,1,408,413
spotdl/dbcore/db.py,method,Model,__init__,A,1,417,428
spotdl/dbcore/db.py,method,Model,_awaken,A,1,431,447
spotdl/dbcore/db.py,method,Model,copy,A,1,475,488
spotdl/dbcore/db.py,method,Model,__getitem__,A,1,537,541
spotdl/dbcore/db.py,method,Model,__setitem__,A,1,565,567
spotdl/dbcore/db.py,method,Model,all_keys,A,1,593,597
spotdl/dbcore/db.py,method,Model,__contains__,A,1,613,615
spotdl/dbcore/db.py,method,Model,__iter__,A,1,617,621
spotdl/dbcore/db.py,method,Model,remove,A,1,707,712
spotdl/dbcore/db.py,method,Model,formatted,A,1,741,749
spotdl/dbcore/db.py,method,Model,set_parse,A,1,778,780
spotdl/dbcore/db.py,method,Results,__init__,A,1,803,841
spotdl/dbcore/db.py,method,Results,__nonzero__,A,1,930,932
spotdl/dbcore/db.py,method,Results,__bool__,A,1,934,936
spotdl/dbcore/db.py,method,Transaction,__init__,A,1,976,977
spotdl/dbcore/db.py,method,Transaction,query,A,1,1021,1028
spotdl/dbcore/db.py,method,Transaction,mutate,A,1,1058,1061
spotdl/dbcore/db.py,method,Transaction,mutate_many,A,1,1063,1069
spotdl/dbcore/db.py,method,Transaction,script,A,1,1072,1076
spotdl/dbcore/db.py,method,Migration,name,A,1,1088,1091
spotdl/dbcore/db.py,method,Migration,with_row_factory,A,1,1094,1101
spotdl/dbcore/db.py,method,Migration,_migrate_data,A,1,1111,1114
spotdl/dbcore/db.py,method,Database,transaction,A,1,1326,1330
spotdl/dbcore/db.py,method,Database,_make_attribute_table,A,1,1371,1384
spotdl/dbcore/db.py,method,Database,_ensure_migration_state_table,A,1,1398,1400
spotdl/dbcore/db.py,method,Database,migration_exists,A,1,1417,1419
spotdl/dbcore/db.py,method,Database,record_migration,A,1,1421,1426
spotdl/dbcore/db.py,method,Database,_get,A,1,1489,1491
spotdl/dbcore/pathutils.py,function,,_to_db_path,A,1,22,24
spotdl/dbcore/pathutils.py,function,,_from_db_path,A,1,27,29
spotdl/dbcore/query.py,method,Query,field_names,A,1,89,91
spotdl/dbcore/query.py,method,Query,clause,A,1,94,95
spotdl/dbcore/query.py,method,Query,match,A,1,106,107
spotdl/dbcore/query.py,method,Query,__and__,A,1,111,112
spotdl/dbcore/query.py,method,Query,__repr__,A,1,114,115
spotdl/dbcore/query.py,method,Query,__eq__,A,1,117,118
spotdl/dbcore/query.py,method,Query,__hash__,A,1,120,126
spotdl/dbcore/query.py,method,FieldQuery,field_names,A,1,149,151
spotdl/dbcore/query.py,method,FieldQuery,__init__,A,1,153,156
spotdl/dbcore/query.py,method,FieldQuery,col_clause,A,1,158,159
spotdl/dbcore/query.py,method,FieldQuery,value_match,A,1,169,171
spotdl/dbcore/query.py,method,FieldQuery,match,A,1,173,174
spotdl/dbcore/query.py,method,FieldQuery,__repr__,A,1,176,179
spotdl/dbcore/query.py,method,FieldQuery,__hash__,A,1,189,190
spotdl/dbcore/query.py,method,MatchQuery,col_clause,A,1,196,197
spotdl/dbcore/query.py,method,NoneQuery,__init__,A,1,209,210
spotdl/dbcore/query.py,method,NoneQuery,col_clause,A,1,212,213
spotdl/dbcore/query.py,method,NoneQuery,match,A,1,215,216
spotdl/dbcore/query.py,method,NoneQuery,__repr__,A,1,218,219
spotdl/dbcore/query.py,method,StringFieldQuery,string_match,A,1,240,244
spotdl/dbcore/query.py,method,StringQuery,col_clause,A,1,250,258
spotdl/dbcore/query.py,method,StringQuery,string_match,A,1,261,262
spotdl/dbcore/query.py,method,SubstringQuery,col_clause,A,1,268,277
spotdl/dbcore/query.py,method,SubstringQuery,string_match,A,1,280,281
spotdl/dbcore/query.py,method,PathQuery,dir_path,A,1,325,326
spotdl/dbcore/query.py,method,PathQuery,__repr__,A,1,375,378
spotdl/dbcore/query.py,method,RegexpQuery,col_clause,A,1,401,402
spotdl/dbcore/query.py,method,RegexpQuery,_normalize,A,1,405,409
spotdl/dbcore/query.py,method,RegexpQuery,string_match,A,1,412,413
spotdl/dbcore/query.py,method,InQuery,subvals,A,1,512,513
spotdl/dbcore/query.py,method,InQuery,col_clause,A,1,515,517
spotdl/dbcore/query.py,method,InQuery,value_match,A,1,520,523
spotdl/dbcore/query.py,method,CollectionQuery,__init__,A,1,536,537
spotdl/dbcore/query.py,method,CollectionQuery,__len__,A,1,541,542
spotdl/dbcore/query.py,method,CollectionQuery,__getitem__,A,1,544,545
spotdl/dbcore/query.py,method,CollectionQuery,__iter__,A,1,547,548
spotdl/dbcore/query.py,method,CollectionQuery,__contains__,A,1,550,551
spotdl/dbcore/query.py,method,CollectionQuery,__repr__,A,1,571,572
spotdl/dbcore/query.py,method,CollectionQuery,__hash__,A,1,577,581
spotdl/dbcore/query.py,method,MutableCollectionQuery,__setitem__,A,1,591,592
spotdl/dbcore/query.py,method,MutableCollectionQuery,__delitem__,A,1,594,595
spotdl/dbcore/query.py,method,AndQuery,clause,A,1,601,602
spotdl/dbcore/query.py,method,OrQuery,clause,A,1,611,612
spotdl/dbcore/query.py,method,NotQuery,field_names,A,1,624,626
spotdl/dbcore/query.py,method,NotQuery,__init__,A,1,628,629
spotdl/dbcore/query.py,method,NotQuery,match,A,1,640,641
spotdl/dbcore/query.py,method,NotQuery,__repr__,A,1,643,644
spotdl/dbcore/query.py,method,NotQuery,__hash__,A,1,649,650
spotdl/dbcore/query.py,method,TrueQuery,clause,A,1,656,657
spotdl/dbcore/query.py,method,TrueQuery,match,A,1,659,660
spotdl/dbcore/query.py,method,FalseQuery,clause,A,1,666,667
spotdl/dbcore/query.py,method,FalseQuery,match,A,1,669,670
spotdl/dbcore/query.py,method,DateInterval,__str__,A,1,840,841
spotdl/dbcore/query.py,method,DateQuery,__init__,A,1,854,857
spotdl/dbcore/sort.py,method,Sort,order_clause,A,1,29,33
spotdl/dbcore/sort.py,method,Sort,sort,A,1,35,37
spotdl/dbcore/sort.py,method,Sort,is_slow,A,1,39,43
spotdl/dbcore/sort.py,method,Sort,__hash__,A,1,45,46
spotdl/dbcore/sort.py,method,Sort,__eq__,A,1,48,49
spotdl/dbcore/sort.py,method,Sort,__repr__,A,1,51,52
spotdl/dbcore/sort.py,method,MultipleSort,add_sort,A,1,61,62
spotdl/dbcore/sort.py,method,MultipleSort,__repr__,A,1,104,105
spotdl/dbcore/sort.py,method,MultipleSort,__hash__,A,1,107,108
spotdl/dbcore/sort.py,method,FieldSort,__init__,A,1,119,124
spotdl/dbcore/sort.py,method,FieldSort,sort,A,1,126,144
spotdl/dbcore/sort.py,method,FieldSort,__repr__,A,1,146,149
spotdl/dbcore/sort.py,method,FieldSort,__hash__,A,1,152,153
spotdl/dbcore/sort.py,method,SlowFieldSort,is_slow,A,1,185,186
spotdl/dbcore/sort.py,method,NullSort,sort,A,1,192,193
spotdl/dbcore/sort.py,method,NullSort,__nonzero__,A,1,195,196
spotdl/dbcore/sort.py,method,NullSort,__bool__,A,1,198,199
spotdl/dbcore/sort.py,method,NullSort,__hash__,A,1,204,205
spotdl/dbcore/sort.py,method,SmartArtistSort,sort,A,1,220,225
spotdl/dbcore/types.py,method,ModelType,__init__,A,1,42,42
spotdl/dbcore/types.py,method,Type,null,A,1,81,86
spotdl/dbcore/types.py,method,Type,to_sql,A,1,145,149
spotdl/dbcore/types.py,method,Default,null,A,1,159,160
spotdl/dbcore/types.py,method,Integer,null,A,1,181,182
spotdl/dbcore/types.py,method,NullInteger,null,A,1,187,188
spotdl/dbcore/types.py,method,BasePaddedInt,__init__,A,1,196,197
spotdl/dbcore/types.py,method,ScaledInt,__init__,A,1,212,214
spotdl/dbcore/types.py,method,Id,null,A,1,226,227
spotdl/dbcore/types.py,method,BaseFloat,__init__,A,1,243,244
spotdl/dbcore/types.py,method,Float,null,A,1,254,255
spotdl/dbcore/types.py,method,NullFloat,null,A,1,262,263
spotdl/dbcore/types.py,method,DelimitedString,__init__,A,1,298,299
spotdl/dbcore/types.py,method,DelimitedString,format,A,1,301,302
spotdl/dbcore/types.py,method,DelimitedString,to_sql,A,1,338,339
spotdl/dbcore/types.py,method,Boolean,format,A,1,349,350
spotdl/dbcore/types.py,method,Boolean,parse,A,1,352,353
spotdl/dbcore/types.py,method,BasePathType,parse,A,1,391,392
spotdl/dbcore/types.py,method,BasePathType,from_sql,A,1,406,407
spotdl/dbcore/types.py,method,NullPathType,null,A,1,419,420
spotdl/dbcore/types.py,method,PathType,null,A,1,428,429
spotdl/importer/session.py,method,ImportSession,tag_log,A,1,152,156
spotdl/importer/session.py,method,ImportSession,should_resume,A,1,179,180
spotdl/importer/session.py,method,ImportSession,choose_match,A,1,182,183
spotdl/importer/session.py,method,ImportSession,resolve_duplicate,A,1,185,186
spotdl/importer/session.py,method,ImportSession,choose_item,A,1,188,189
spotdl/importer/session.py,method,ImportSession,is_resuming,A,1,286,291
spotdl/importer/state.py,method,ImportState,__enter__,A,1,70,71
spotdl/importer/state.py,method,ImportState,__exit__,A,1,73,74
spotdl/importer/state.py,method,ImportState,progress_has,A,1,123,127
spotdl/importer/state.py,method,ImportState,history_add,A,1,137,140
spotdl/importer/tasks.py,method,ImportTask,__init__,A,1,173,182
spotdl/importer/tasks.py,method,ImportTask,save_history,A,1,215,217
spotdl/importer/tasks.py,method,ImportTask,apply,A,1,222,223
spotdl/importer/tasks.py,method,ImportTask,skip,A,1,226,227
spotdl/importer/tasks.py,method,ImportTask,_emit_imported,A,1,362,363
spotdl/importer/tasks.py,method,ImportTask,lookup_candidates,A,1,379,386
spotdl/importer/tasks.py,method,ImportTask,choose_match,A,1,649,653
spotdl/importer/tasks.py,method,SingletonImportTask,__init__,A,1,681,685
spotdl/importer/tasks.py,method,SingletonImportTask,imported_items,A,1,699,700
spotdl/importer/tasks.py,method,SingletonImportTask,lookup_candidates,A,1,706,707
spotdl/importer/tasks.py,method,SingletonImportTask,add,A,1,746,751
spotdl/importer/tasks.py,method,SingletonImportTask,infer_album_fields,A,1,753,754
spotdl/importer/tasks.py,method,SingletonImportTask,choose_match,A,1,756,760
spotdl/importer/tasks.py,method,SingletonImportTask,reload,A,1,762,763
spotdl/importer/tasks.py,method,SentinelImportTask,__init__,A,1,793,798
spotdl/importer/tasks.py,method,SentinelImportTask,save_history,A,1,800,801
spotdl/importer/tasks.py,method,SentinelImportTask,skip,A,1,812,813
spotdl/importer/tasks.py,method,SentinelImportTask,set_choice,A,1,815,816
spotdl/importer/tasks.py,method,SentinelImportTask,cleanup,A,1,818,819
spotdl/importer/tasks.py,method,SentinelImportTask,_emit_imported,A,1,821,822
spotdl/importer/tasks.py,method,ArchiveImportTask,__init__,A,1,847,853
spotdl/importer/tasks.py,method,ImportTaskFactory,__init__,A,1,971,982
spotdl/importer/tasks.py,method,ImportTaskFactory,sentinel,A,1,1098,1102
spotdl/library/exceptions.py,method,FileOperationError,__init__,A,1,11,17
spotdl/library/exceptions.py,method,FileOperationError,__str__,A,1,19,24
spotdl/library/exceptions.py,method,ReadError,__str__,A,1,30,33
spotdl/library/exceptions.py,method,WriteError,__str__,A,1,39,42
spotdl/library/library.py,method,Library,path_formats,A,1,43,44
spotdl/library/library.py,method,Library,music_dir_context,A,1,78,81
spotdl/library/library.py,method,Library,add,A,1,85,93
spotdl/library/library.py,method,Library,get_default_album_sort,A,1,151,154
spotdl/library/library.py,method,Library,get_default_item_sort,A,1,158,161
spotdl/library/library.py,method,Library,get_item,A,1,173,178
spotdl/library/migrations.py,method,MultiValueFieldMigration,separators,A,1,30,31
spotdl/library/migrations.py,method,MultiGenreFieldMigration,separators,A,1,96,103
spotdl/library/models.py,function,,_int_arg,A,1,1227,1233
spotdl/library/models.py,method,LibModel,_types,A,1,63,67
spotdl/library/models.py,method,LibModel,_queries,A,1,71,72
spotdl/library/models.py,method,LibModel,writable_media_fields,A,1,75,76
spotdl/library/models.py,method,LibModel,filepath,A,1,79,81
spotdl/library/models.py,method,LibModel,_template_funcs,A,1,83,86
spotdl/library/models.py,method,LibModel,store,A,1,88,90
spotdl/library/models.py,method,LibModel,remove,A,1,92,94
spotdl/library/models.py,method,LibModel,add,A,1,96,99
spotdl/library/models.py,method,LibModel,__str__,A,1,107,108
spotdl/library/models.py,method,LibModel,__bytes__,A,1,110,111
spotdl/library/models.py,method,FormattedItemMapping,all_keys,A,1,192,193
spotdl/library/models.py,method,FormattedItemMapping,album,A,1,209,210
spotdl/library/models.py,method,FormattedItemMapping,__iter__,A,1,247,248
spotdl/library/models.py,method,FormattedItemMapping,__len__,A,1,250,251
spotdl/library/models.py,method,Album,_types,A,1,315,316
spotdl/library/models.py,method,Album,_relation,A,1,331,332
spotdl/library/models.py,method,Album,relation_join,A,1,335,343
spotdl/library/models.py,method,Album,_getters,A,1,352,358
spotdl/library/models.py,method,Album,items,A,1,360,369
spotdl/library/models.py,method,Item,_queries,A,1,715,716
spotdl/library/models.py,method,Item,_relation,A,1,724,725
spotdl/library/models.py,method,Item,relation_join,A,1,728,736
spotdl/library/models.py,method,Item,_cached_album,A,1,756,757
spotdl/library/models.py,method,Item,_getters,A,1,760,765
spotdl/library/models.py,method,Item,duplicates_query,A,1,767,770
spotdl/library/models.py,method,Item,from_path,A,1,774,780
spotdl/library/models.py,method,Item,current_mtime,A,1,1040,1044
spotdl/library/models.py,method,Item,has_cover_art,A,1,1057,1066
spotdl/library/models.py,method,DefaultTemplateFunctions,__init__,A,1,1252,1259
spotdl/library/models.py,method,DefaultTemplateFunctions,tmpl_lower,A,1,1274,1276
spotdl/library/models.py,method,DefaultTemplateFunctions,tmpl_upper,A,1,1279,1281
spotdl/library/models.py,method,DefaultTemplateFunctions,tmpl_capitalize,A,1,1284,1286
spotdl/library/models.py,method,DefaultTemplateFunctions,tmpl_title,A,1,1289,1291
spotdl/library/models.py,method,DefaultTemplateFunctions,tmpl_left,A,1,1294,1296
spotdl/library/models.py,method,DefaultTemplateFunctions,tmpl_right,A,1,1299,1301
spotdl/library/models.py,method,DefaultTemplateFunctions,tmpl_asciify,A,1,1322,1324
spotdl/library/models.py,method,DefaultTemplateFunctions,tmpl_time,A,1,1327,1330
spotdl/library/models.py,method,DefaultTemplateFunctions,_tmpl_unique_memokey,A,1,1409,1413
spotdl/library/models.py,method,DefaultTemplateFunctions,tmpl_first,A,1,1505,1518
spotdl/library/__init__.py,function,,__getattr__,A,1,15,16
spotdl/test/helper.py,function,,capture_log,A,1,75,82
spotdl/test/helper.py,method,LogCapture,__init__,A,1,66,68
spotdl/test/helper.py,method,LogCapture,emit,A,1,70,71
spotdl/test/helper.py,method,ConfigMixin,config,A,1,112,122
spotdl/test/helper.py,method,IOMixin,run_with_output,A,1,152,155
spotdl/test/helper.py,method,TestHelper,setup,A,1,166,171
spotdl/test/helper.py,method,TestHelper,temp_dir_path,A,1,180,181
spotdl/test/helper.py,method,TestHelper,temp_dir,A,1,184,185
spotdl/test/helper.py,method,TestHelper,lib_path,A,1,188,191
spotdl/test/helper.py,method,TestHelper,libdir,A,1,194,195
spotdl/test/helper.py,method,TestHelper,teardown_spotdl,A,1,237,240
spotdl/test/helper.py,method,TestHelper,add_item_fixture,A,1,295,305
spotdl/test/helper.py,method,TestHelper,add_album,A,1,307,309
spotdl/test/helper.py,method,TestHelper,create_temp_dir,A,1,380,381
spotdl/test/helper.py,method,TestHelper,remove_temp_dir,A,1,383,385
spotdl/test/helper.py,method,ItemInDBTestCase,setUp,A,1,427,429
spotdl/test/helper.py,method,PluginMixin,teardown_spotdl,A,1,441,443
spotdl/test/helper.py,method,PluginMixin,register_plugin,A,1,445,448
spotdl/test/helper.py,method,PluginMixin,unload_plugins,A,1,461,467
spotdl/test/helper.py,method,PluginMixin,configure_plugin,A,1,470,476
spotdl/test/helper.py,method,ImportHelper,import_path,A,1,521,524
spotdl/test/helper.py,method,ImportHelper,import_dir,A,1,527,528
spotdl/test/helper.py,method,ImportHelper,setup_spotdl,A,1,530,536
spotdl/test/helper.py,method,ImportHelper,_get_import_session,A,1,593,595
spotdl/test/helper.py,method,ImportHelper,setup_singleton_importer,A,1,605,606
spotdl/test/helper.py,method,AsIsImporterMixin,setup_spotdl,A,1,610,612
spotdl/test/helper.py,method,AsIsImporterMixin,run_asis_importer,A,1,614,617
spotdl/test/helper.py,method,ImportSessionFixture,__init__,A,1,639,642
spotdl/test/helper.py,method,ImportSessionFixture,add_choice,A,1,646,647
spotdl/test/helper.py,method,ImportSessionFixture,clear_choices,A,1,649,650
spotdl/test/helper.py,method,TerminalImportSessionFixture,__init__,A,1,686,689
spotdl/test/helper.py,method,TerminalImportSessionFixture,add_choice,A,1,693,694
spotdl/test/helper.py,method,TerminalImportSessionFixture,clear_choices,A,1,696,697
spotdl/test/helper.py,method,TerminalImportSessionFixture,choose_match,A,1,699,701
spotdl/test/helper.py,method,TerminalImportSessionFixture,choose_item,A,1,703,705
spotdl/test/helper.py,method,TerminalImportMixin,_get_import_session,A,1,732,738
spotdl/test/helper.py,method,AutotagStub,item_candidates,A,1,790,797
spotdl/test/helper.py,method,AutotagStub,_make_track_match,A,1,800,806
spotdl/test/helper.py,method,AutotagImportTestCase,setUp,A,1,838,841
spotdl/test/helper.py,method,FetchImageHelper,image_request_mock,A,1,896,897
spotdl/test/_common.py,function,,touch,A,1,180,181
spotdl/test/_common.py,function,,platform_windows,A,1,201,209
spotdl/test/_common.py,function,,platform_posix,A,1,213,221
spotdl/test/_common.py,function,,system_mock,A,1,225,233
spotdl/test/_common.py,method,InputError,__str__,A,1,127,128
spotdl/test/_common.py,method,DummyIn,__init__,A,1,134,135
spotdl/test/_common.py,method,DummyIn,add,A,1,137,138
spotdl/test/_common.py,method,DummyIn,close,A,1,140,141
spotdl/test/_common.py,method,DummyIO,__init__,A,1,153,161
spotdl/test/_common.py,method,DummyIO,addinput,A,1,163,165
spotdl/test/_common.py,method,DummyIO,getoutput,A,1,167,174
spotdl/test/_common.py,method,Bag,__init__,A,1,190,191
spotdl/test/_common.py,method,Bag,__getattr__,A,1,193,194
spotdl/ui/__init__.py,function,,parse_csl_callback,A,1,888,895
spotdl/ui/__init__.py,function,,_in_encoding,A,1,67,69
spotdl/ui/__init__.py,function,,_out_encoding,A,1,72,74
spotdl/ui/__init__.py,function,,decargs,A,1,98,106
spotdl/ui/__init__.py,function,,should_write,A,1,147,151
spotdl/ui/__init__.py,function,,input_yn,A,1,370,379
spotdl/ui/__init__.py,function,,_setup,A,1,768,788
spotdl/ui/__init__.py,method,CommonOptionsParser,__init__,A,1,475,477
spotdl/ui/__init__.py,method,CommonOptionsParser,add_album_option,A,1,482,493
spotdl/ui/__init__.py,method,CommonOptionsParser,add_path_option,A,1,532,550
spotdl/ui/__init__.py,method,CommonOptionsParser,add_all_common_options,A,1,582,586
spotdl/ui/__init__.py,method,Subcommand,print_help,A,1,619,620
spotdl/ui/__init__.py,method,Subcommand,parse_args,A,1,622,623
spotdl/ui/__init__.py,method,Subcommand,root_parser,A,1,626,627
spotdl/ui/__init__.py,method,Subcommand,root_parser,A,1,630,633
spotdl/ui/commands/fields.py,function,,fields_func,A,1,16,34
spotdl/ui/commands/fields.py,function,,_print_rows,A,1,17,18
spotdl/ui/commands/help.py,method,HelpCommand,__init__,A,1,8,12
spotdl/ui/commands/list.py,function,,list_func,A,1,18,19
spotdl/ui/commands/move.py,function,,isitemmoved,A,1,83,84
spotdl/ui/commands/remove.py,function,,fmt_track,A,1,42,43
spotdl/ui/commands/remove.py,function,,remove_func,A,1,70,71
spotdl/ui/commands/stats.py,function,,stats_func,A,1,52,53
spotdl/ui/commands/write.py,function,,write_func,A,1,43,44
spotdl/ui/commands/__init__.py,function,,__getattr__,A,1,36,44
spotdl/ui/commands/import_/display.py,function,,show_change,A,1,368,382
spotdl/ui/commands/import_/display.py,function,,show_item_change,A,1,385,393
spotdl/ui/commands/import_/display.py,method,ChangeRepresentation,changed_prefix,A,1,40,41
spotdl/ui/commands/import_/display.py,method,ChangeRepresentation,_indentation_config,A,1,44,45
spotdl/ui/commands/import_/display.py,method,ChangeRepresentation,indent,A,1,48,49
spotdl/ui/commands/import_/display.py,method,ChangeRepresentation,indent_header,A,1,52,53
spotdl/ui/commands/import_/display.py,method,ChangeRepresentation,indent_detail,A,1,56,57
spotdl/ui/commands/import_/display.py,method,ChangeRepresentation,indent_tracklist,A,1,60,61
spotdl/ui/commands/import_/session.py,function,,abort_action,A,1,539,541
spotdl/ui/commands/import_/session.py,method,TerminalImportSession,should_resume,A,1,207,209
spotdl/util/artresizer.py,method,LocalBackend,version,A,1,79,83
spotdl/util/artresizer.py,method,LocalBackend,resize,A,1,96,108
spotdl/util/artresizer.py,method,LocalBackend,get_size,A,1,111,113
spotdl/util/artresizer.py,method,LocalBackend,deinterlace,A,1,116,123
spotdl/util/artresizer.py,method,LocalBackend,get_format,A,1,126,128
spotdl/util/artresizer.py,method,LocalBackend,convert_format,A,1,131,138
spotdl/util/artresizer.py,method,LocalBackend,can_compare,A,1,141,143
spotdl/util/artresizer.py,method,LocalBackend,compare,A,1,145,154
spotdl/util/artresizer.py,method,LocalBackend,can_write_metadata,A,1,157,159
spotdl/util/artresizer.py,method,LocalBackend,write_metadata,A,1,161,167
spotdl/util/artresizer.py,method,IMBackend,can_compare,A,1,376,377
spotdl/util/artresizer.py,method,IMBackend,can_write_metadata,A,1,470,471
spotdl/util/artresizer.py,method,PILBackend,__init__,A,1,493,498
spotdl/util/artresizer.py,method,PILBackend,can_compare,A,1,639,640
spotdl/util/artresizer.py,method,PILBackend,compare,A,1,642,646
spotdl/util/artresizer.py,method,PILBackend,can_write_metadata,A,1,649,650
spotdl/util/artresizer.py,method,ArtResizer,local,A,1,755,759
spotdl/util/bluelet.py,function,,handler,A,1,643,647
spotdl/util/bluelet.py,function,,null,A,1,552,554
spotdl/util/bluelet.py,function,,end,A,1,576,580
spotdl/util/bluelet.py,function,,write,A,1,602,604
spotdl/util/bluelet.py,function,,connect,A,1,607,613
spotdl/util/bluelet.py,function,,sleep,A,1,616,618
spotdl/util/bluelet.py,function,,join,A,1,621,625
spotdl/util/bluelet.py,function,,kill,A,1,628,630
spotdl/util/bluelet.py,method,WaitableEvent,waitables,A,1,36,42
spotdl/util/bluelet.py,method,WaitableEvent,fire,A,1,44,48
spotdl/util/bluelet.py,method,ValueEvent,__init__,A,1,54,55
spotdl/util/bluelet.py,method,ExceptionEvent,__init__,A,1,61,62
spotdl/util/bluelet.py,method,SpawnEvent,__init__,A,1,68,69
spotdl/util/bluelet.py,method,JoinEvent,__init__,A,1,77,78
spotdl/util/bluelet.py,method,KillEvent,__init__,A,1,84,85
spotdl/util/bluelet.py,method,DelegationEvent,__init__,A,1,94,95
spotdl/util/bluelet.py,method,ReturnEvent,__init__,A,1,103,104
spotdl/util/bluelet.py,method,SleepEvent,__init__,A,1,110,111
spotdl/util/bluelet.py,method,SleepEvent,time_left,A,1,113,114
spotdl/util/bluelet.py,method,ReadEvent,__init__,A,1,120,122
spotdl/util/bluelet.py,method,ReadEvent,waitables,A,1,124,125
spotdl/util/bluelet.py,method,ReadEvent,fire,A,1,127,128
spotdl/util/bluelet.py,method,WriteEvent,__init__,A,1,134,136
spotdl/util/bluelet.py,method,WriteEvent,waitable,A,1,138,139
spotdl/util/bluelet.py,method,WriteEvent,fire,A,1,141,142
spotdl/util/bluelet.py,method,ThreadError,__init__,A,1,207,209
spotdl/util/bluelet.py,method,ThreadError,reraise,A,1,211,212
spotdl/util/bluelet.py,method,Delegated,__init__,A,1,223,224
spotdl/util/bluelet.py,method,Listener,__init__,A,1,409,417
spotdl/util/bluelet.py,method,Listener,close,A,1,428,431
spotdl/util/bluelet.py,method,Connection,__init__,A,1,437,441
spotdl/util/bluelet.py,method,Connection,close,A,1,443,446
spotdl/util/bluelet.py,method,AcceptEvent,__init__,A,1,501,502
spotdl/util/bluelet.py,method,AcceptEvent,waitables,A,1,504,505
spotdl/util/bluelet.py,method,AcceptEvent,fire,A,1,507,509
spotdl/util/bluelet.py,method,ReceiveEvent,__init__,A,1,517,519
spotdl/util/bluelet.py,method,ReceiveEvent,waitables,A,1,521,522
spotdl/util/bluelet.py,method,ReceiveEvent,fire,A,1,524,525
spotdl/util/bluelet.py,method,SendEvent,__init__,A,1,533,536
spotdl/util/bluelet.py,method,SendEvent,waitables,A,1,538,539
spotdl/util/color.py,function,,_colorize,A,1,145,148
spotdl/util/color.py,function,,uncolorize,A,1,159,169
spotdl/util/color.py,function,,color_len,A,1,208,215
spotdl/util/config.py,method,UnknownPairError,__init__,A,1,79,80
spotdl/util/deprecation.py,function,,deprecate_for_user,A,1,37,40
spotdl/util/deprecation.py,function,,deprecate_for_maintainers,A,1,43,53
spotdl/util/functemplate.py,function,,ex_rvalue,A,1,59,61
spotdl/util/functemplate.py,function,,ex_literal,A,1,64,68
spotdl/util/functemplate.py,function,,template,A,1,514,515
spotdl/util/functemplate.py,method,Environment,__init__,A,1,51,53
spotdl/util/functemplate.py,method,Symbol,__init__,A,1,129,131
spotdl/util/functemplate.py,method,Symbol,__repr__,A,1,133,134
spotdl/util/functemplate.py,method,Symbol,translate,A,1,147,151
spotdl/util/functemplate.py,method,Call,__init__,A,1,157,160
spotdl/util/functemplate.py,method,Call,__repr__,A,1,162,163
spotdl/util/functemplate.py,method,Expression,__init__,A,1,218,219
spotdl/util/functemplate.py,method,Expression,__repr__,A,1,221,222
spotdl/util/functemplate.py,method,Parser,__init__,A,1,275,284
spotdl/util/functemplate.py,method,Parser,_parse_ident,A,1,489,496
spotdl/util/functemplate.py,method,Template,__init__,A,1,522,525
spotdl/util/functemplate.py,method,Template,__eq__,A,1,527,528
spotdl/util/functemplate.py,method,Template,interpret,A,1,530,536
spotdl/util/layout.py,function,,indent,A,1,53,55
spotdl/util/layout.py,function,,get_layout_method,A,1,333,335
spotdl/util/layout.py,method,Side,rendered,A,1,33,35
spotdl/util/layout.py,method,Side,prefix_width,A,1,38,40
spotdl/util/layout.py,method,Side,suffix_width,A,1,43,45
spotdl/util/layout.py,method,Side,rendered_width,A,1,48,50
spotdl/util/lyrics.py,method,Lyrics,original_text,A,1,94,97
spotdl/util/lyrics.py,method,Lyrics,synced,A,1,141,143
spotdl/util/lyrics.py,method,Lyrics,translated,A,1,146,148
spotdl/util/m3u.py,method,M3UFile,__init__,A,1,31,41
spotdl/util/m3u.py,method,M3UFile,set_contents,A,1,63,75
spotdl/util/pipeline.py,function,,_qsize,A,1,62,63
spotdl/util/pipeline.py,function,,_put,A,1,65,66
spotdl/util/pipeline.py,function,,_get,A,1,68,69
spotdl/util/pipeline.py,function,,multiple,A,1,156,160
spotdl/util/pipeline.py,function,,stage,A,1,173,193
spotdl/util/pipeline.py,function,,mutator_stage,A,1,196,217
spotdl/util/pipeline.py,method,CountedQueue,__init__,A,1,103,106
spotdl/util/pipeline.py,method,MultiMessage,__init__,A,1,152,153
spotdl/util/pipeline.py,method,PipelineThread,__init__,A,1,236,242
spotdl/util/pipeline.py,method,FirstPipelineThread,__init__,A,1,272,276
spotdl/util/pipeline.py,method,MiddlePipelineThread,__init__,A,1,311,316
spotdl/util/pipeline.py,method,LastPipelineThread,__init__,A,1,360,363
spotdl/util/pipeline.py,method,Pipeline,run_sequential,A,1,412,417
spotdl/util/units.py,function,,human_seconds_short,A,1,17,22
spotdl/util/__init__.py,function,,normpath,A,1,175,181
spotdl/util/__init__.py,function,,path_as_posix,A,1,273,277
spotdl/util/__init__.py,function,,truncate_str,A,1,706,716
spotdl/util/__init__.py,function,,_legalize_stage,A,1,728,748
spotdl/util/__init__.py,function,,str2bool,A,1,789,791
spotdl/util/__init__.py,function,,par_map,A,1,1047,1062
spotdl/util/__init__.py,function,,_worker,A,1,1056,1059
spotdl/util/__init__.py,function,,get_module_tempdir,A,1,1155,1164
spotdl/util/__init__.py,function,,clean_module_tempdir,A,1,1167,1173
spotdl/util/__init__.py,function,,unique_list,A,1,1201,1203
spotdl/util/__init__.py,method,HumanReadableError,__init__,A,1,90,94
spotdl/util/__init__.py,method,HumanReadableError,get_message,A,1,115,119
spotdl/util/__init__.py,method,FilesystemError,__init__,A,1,136,138
spotdl/util/__init__.py,method,cached_classproperty,__init__,A,1,1091,1093
spotdl/util/__init__.py,method,cached_classproperty,__set_name__,A,1,1095,1097
spotdl/logging.py,function,,getLogger,A,2,207,211
spotdl/logging.py,method,StrFormatLogger,_log,A,2,128,151
spotdl/logging.py,method,ThreadLocalLevelLogger,level,A,2,164,169
spotdl/logging.py,method,SpotdlLogger,extra_debug,A,2,186,196
spotdl/metadata_plugins.py,method,MetadataSourcePlugin,data_source_mismatch_penalty,A,2,191,195
spotdl/metadata_plugins.py,method,MetadataSourcePlugin,albums_for_ids,A,2,250,259
spotdl/metadata_plugins.py,method,MetadataSourcePlugin,tracks_for_ids,A,2,261,270
spotdl/metadata_plugins.py,method,SearchApiMetadataSourcePlugin,candidates,A,2,442,446
spotdl/metadata_plugins.py,method,SearchApiMetadataSourcePlugin,item_candidates,A,2,448,452
spotdl/plugins.py,function,,load_plugins,A,2,482,494
spotdl/plugins.py,function,,commands,A,2,504,509
spotdl/plugins.py,function,,queries,A,2,512,519
spotdl/plugins.py,function,,template_funcs,A,2,573,580
spotdl/plugins.py,function,,early_import_stages,A,2,583,588
spotdl/plugins.py,function,,import_stages,A,2,591,596
spotdl/plugins.py,function,,_check_conflicts_and_merge,A,2,604,618
spotdl/plugins.py,function,,item_field_getters,A,2,621,628
spotdl/plugins.py,function,,album_field_getters,A,2,631,636
spotdl/plugins.py,method,SpotdlPlugin,_set_stage_log_level,A,2,286,292
spotdl/plugins.py,method,SpotdlPlugin,register_listener,A,2,362,367
spotdl/plugins.py,function,,wrapper,A,2,563,566
spotdl/autotag/distance.py,method,Distance,_weights,A,2,134,140
spotdl/autotag/distance.py,method,Distance,distance,A,2,153,160
spotdl/autotag/distance.py,method,Distance,max_distance,A,2,163,168
spotdl/autotag/distance.py,method,Distance,raw_distance,A,2,171,176
spotdl/autotag/distance.py,method,Distance,__getitem__,A,2,232,238
spotdl/autotag/distance.py,method,Distance,keys,A,2,246,247
spotdl/autotag/distance.py,method,Distance,_eq,A,2,260,267
spotdl/autotag/distance.py,method,Distance,add,A,2,269,277
spotdl/autotag/distance.py,method,Distance,add_expr,A,2,297,304
spotdl/autotag/distance.py,method,Distance,add_ratio,A,2,339,348
spotdl/autotag/hooks.py,function,,correct_list_fields,A,2,48,100
spotdl/autotag/hooks.py,method,AttrDict,__getattr__,A,2,134,139
spotdl/autotag/hooks.py,method,Info,__setitem__,A,2,165,172
spotdl/autotag/hooks.py,method,AlbumInfo,name,A,2,310,311
spotdl/autotag/hooks.py,method,TrackInfo,name,A,2,431,432
spotdl/autotag/match.py,method,Match,from_scratch,A,2,120,124
spotdl/autotag/match.py,method,AlbumMatch,items,A,2,177,179
spotdl/autotag/match.py,method,AlbumMatch,merged_pairs,A,2,193,197
spotdl/autotag/match.py,method,TrackMatch,apply_metadata,A,2,243,253
spotdl/autotag/__init__.py,function,,__getattr__,A,2,38,45
spotdl/dbcore/db.py,function,,regexp,A,2,1272,1275
spotdl/dbcore/db.py,function,,bytelower,A,2,1277,1288
spotdl/dbcore/db.py,method,FormattedMapping,__init__,A,2,120,132
spotdl/dbcore/db.py,method,FormattedMapping,__getitem__,A,2,135,139
spotdl/dbcore/db.py,method,FormattedMapping,get,A,2,149,155
spotdl/dbcore/db.py,method,LazyConvertDict,update,A,2,238,241
spotdl/dbcore/db.py,method,LazyConvertDict,items,A,2,243,248
spotdl/dbcore/db.py,method,LazyConvertDict,get,A,2,250,257
spotdl/dbcore/db.py,method,LazyConvertDict,__contains__,A,2,259,261
spotdl/dbcore/db.py,method,Model,get_fresh_from_db,A,2,393,399
spotdl/dbcore/db.py,method,Model,__repr__,A,2,449,452
spotdl/dbcore/db.py,method,Model,clear_dirty,A,2,455,461
spotdl/dbcore/db.py,method,Model,keys,A,2,581,590
spotdl/dbcore/db.py,method,Model,update,A,2,601,604
spotdl/dbcore/db.py,method,Model,items,A,2,606,611
spotdl/dbcore/db.py,method,Model,__setattr__,A,2,634,638
spotdl/dbcore/db.py,method,Model,__delattr__,A,2,640,644
spotdl/dbcore/db.py,method,Model,evaluate_template,A,2,751,765
spotdl/dbcore/db.py,method,Model,_parse,A,2,771,776
spotdl/dbcore/db.py,method,Results,__iter__,A,2,878,889
spotdl/dbcore/db.py,method,Results,get,A,2,955,963
spotdl/dbcore/db.py,method,Transaction,__enter__,A,2,979,990
spotdl/dbcore/db.py,method,Migration,migrate_model,A,2,1103,1108
spotdl/dbcore/db.py,method,Database,_close,A,2,1301,1309
spotdl/dbcore/db.py,method,Database,_tx_stack,A,2,1312,1324
spotdl/dbcore/db.py,method,Database,_create_indices,A,2,1387,1393
spotdl/dbcore/pathutils.py,function,,_is_same_path_or_child,A,2,13,18
spotdl/dbcore/query.py,function,,_parse_periods,A,2,676,687
spotdl/dbcore/query.py,method,InvalidQueryError,__init__,A,2,64,68
spotdl/dbcore/query.py,method,InvalidQueryArgumentValueError,__init__,A,2,78,82
spotdl/dbcore/query.py,method,FieldQuery,field,A,2,143,145
spotdl/dbcore/query.py,method,FieldQuery,clause,A,2,161,166
spotdl/dbcore/query.py,method,MatchQuery,value_match,A,2,200,203
spotdl/dbcore/query.py,method,PathQuery,is_path_query,A,2,329,342
spotdl/dbcore/query.py,method,PathQuery,col_clause,A,2,357,372
spotdl/dbcore/query.py,method,RegexpQuery,__init__,A,2,389,399
spotdl/dbcore/query.py,method,BooleanQuery,__init__,A,2,421,427
spotdl/dbcore/query.py,method,NumericQuery,__init__,A,2,456,469
spotdl/dbcore/query.py,method,CollectionQuery,field_names,A,2,532,534
spotdl/dbcore/query.py,method,CollectionQuery,__eq__,A,2,574,575
spotdl/dbcore/query.py,method,AndQuery,match,A,2,604,605
spotdl/dbcore/query.py,method,OrQuery,match,A,2,614,615
spotdl/dbcore/query.py,method,NotQuery,clause,A,2,631,638
spotdl/dbcore/query.py,method,NotQuery,__eq__,A,2,646,647
spotdl/dbcore/query.py,method,Period,__init__,A,2,714,722
spotdl/dbcore/query.py,method,DateQuery,match,A,2,859,864
spotdl/dbcore/query.py,method,SingletonQuery,__new__,A,2,928,932
spotdl/dbcore/sort.py,method,MultipleSort,__init__,A,2,58,59
spotdl/dbcore/sort.py,method,MultipleSort,__eq__,A,2,110,111
spotdl/dbcore/sort.py,method,NullSort,__eq__,A,2,201,202
spotdl/dbcore/types.py,method,Type,parse,A,2,102,109
spotdl/dbcore/types.py,method,Type,normalize,A,2,111,122
spotdl/dbcore/types.py,method,BasePaddedInt,format,A,2,199,200
spotdl/dbcore/types.py,method,ScaledInt,format,A,2,216,217
spotdl/dbcore/types.py,method,Id,__init__,A,2,229,231
spotdl/dbcore/types.py,method,BaseFloat,format,A,2,246,247
spotdl/dbcore/types.py,method,BaseString,normalize,A,2,272,276
spotdl/dbcore/types.py,method,DateType,format,A,2,361,363
spotdl/dbcore/types.py,method,BasePathType,to_sql,A,2,409,414
spotdl/dbcore/types.py,method,NullPathType,format,A,2,422,423
spotdl/dbcore/types.py,method,PathType,format,A,2,431,432
spotdl/dbcore/types.py,method,MusicalKey,parse,A,2,451,457
spotdl/dbcore/types.py,method,MusicalKey,normalize,A,2,459,463
spotdl/importer/session.py,method,ImportSession,__init__,A,2,61,90
spotdl/importer/session.py,method,ImportSession,_setup_logging,A,2,92,98
spotdl/importer/session.py,method,ImportSession,history_dirs,A,2,262,266
spotdl/importer/stages.py,function,,emitter,A,2,177,181
spotdl/importer/stages.py,function,,group,A,2,111,112
spotdl/importer/stages.py,function,,lookup_candidates,A,2,131,147
spotdl/importer/stages.py,function,,import_asis,A,2,223,235
spotdl/importer/stages.py,function,,plugin_stage,A,2,239,256
spotdl/importer/stages.py,function,,_freshen_items,A,2,376,381
spotdl/importer/stages.py,function,,_extend_pipeline,A,2,384,402
spotdl/importer/state.py,method,ImportState,__init__,A,2,64,68
spotdl/importer/state.py,method,ImportState,_open,A,2,76,88
spotdl/importer/state.py,method,ImportState,_save,A,2,90,101
spotdl/importer/state.py,method,ImportState,progress_has_element,A,2,117,121
spotdl/importer/state.py,method,ImportState,progress_reset,A,2,129,133
spotdl/importer/tasks.py,function,,is_subdir_of_any_in_list,A,2,1176,1181
spotdl/importer/tasks.py,method,ImportTask,save_progress,A,2,208,213
spotdl/importer/tasks.py,method,ImportTask,apply_metadata,A,2,259,262
spotdl/importer/tasks.py,method,ImportTask,duplicate_items,A,2,264,268
spotdl/importer/tasks.py,method,ImportTask,reload,A,2,655,659
spotdl/importer/tasks.py,method,SingletonImportTask,_emit_imported,A,2,702,704
spotdl/importer/tasks.py,method,SingletonImportTask,set_fields,A,2,765,778
spotdl/importer/tasks.py,method,ImportTaskFactory,_create,A,2,1022,1033
spotdl/library/library.py,method,Library,albums,A,2,164,166
spotdl/library/library.py,method,Library,items,A,2,168,170
spotdl/library/migrations.py,method,RelativePathMigration,_migrate_data,A,2,259,263
spotdl/library/models.py,method,LibModel,_fields,A,2,59,60
spotdl/library/models.py,method,LibModel,any_field_query,A,2,143,145
spotdl/library/models.py,method,LibModel,any_writable_media_field_query,A,2,149,152
spotdl/library/models.py,method,LibModel,duplicates_query,A,2,155,160
spotdl/library/models.py,method,FormattedItemMapping,__init__,A,2,173,189
spotdl/library/models.py,method,Album,art_filepath,A,2,347,349
spotdl/library/models.py,method,Album,item_dir,A,2,477,484
spotdl/library/models.py,method,Album,try_sync,A,2,604,615
spotdl/library/models.py,method,Album,length,A,2,618,620
spotdl/library/models.py,method,Item,__repr__,A,2,811,817
spotdl/library/models.py,method,Item,clear,A,2,853,856
spotdl/library/models.py,method,Item,get_album,A,2,858,865
spotdl/library/models.py,method,Item,try_write,A,2,952,963
spotdl/library/models.py,method,Item,try_filesize,A,2,1046,1055
spotdl/library/models.py,method,DefaultTemplateFunctions,functions,A,2,1261,1271
spotdl/test/helper.py,function,,check_reflink_support,A,2,101,107
spotdl/test/helper.py,method,RunMixin,run_command,A,2,133,145
spotdl/test/helper.py,method,TestHelper,setup_spotdl,A,2,199,235
spotdl/test/helper.py,method,TestHelper,create_item,A,2,244,271
spotdl/test/helper.py,method,TestHelper,add_item_fixtures,A,2,311,326
spotdl/test/helper.py,method,PluginMixin,setup_spotdl,A,2,436,439
spotdl/test/helper.py,method,PluginMixin,load_plugins,A,2,450,459
spotdl/test/helper.py,method,ImportHelper,prepare_track_for_import,A,2,539,559
spotdl/test/helper.py,method,ImportHelper,prepare_albums_for_import,A,2,586,591
spotdl/test/helper.py,method,ImportHelper,setup_importer,A,2,598,603
spotdl/test/helper.py,method,AutotagStub,install,A,2,757,769
spotdl/test/helper.py,method,AutotagStub,restore,A,2,771,773
spotdl/test/helper.py,method,CleanupModulesMixin,tearDownClass,A,2,904,907
spotdl/test/_common.py,function,,item,A,2,71,110
spotdl/test/_common.py,function,,import_session,A,2,114,120
spotdl/test/_common.py,method,DummyIn,readline,A,2,143,147
spotdl/ui/__init__.py,function,,should_move,A,2,154,167
spotdl/ui/__init__.py,function,,term_width,A,2,421,424
spotdl/ui/__init__.py,function,,_open_library,A,2,840,858
spotdl/ui/__init__.py,method,Subcommand,__init__,A,2,605,617
spotdl/ui/__init__.py,method,SubcommandsOptionParser,__init__,A,2,642,660
spotdl/ui/__init__.py,method,SubcommandsOptionParser,add_subcommand,A,2,662,666
spotdl/ui/commands/fields.py,function,,_print_keys,A,2,8,13
spotdl/ui/commands/move.py,function,,isalbummoved,A,2,86,87
spotdl/ui/commands/remove.py,function,,fmt_album,A,2,45,48
spotdl/ui/commands/import_/display.py,method,ChangeRepresentation,print_layout,A,2,63,65
spotdl/ui/commands/import_/display.py,method,ChangeRepresentation,make_track_titles,A,2,185,198
spotdl/util/artresizer.py,function,,resize_url,A,2,49,58
spotdl/util/artresizer.py,method,LocalBackend,available,A,2,86,93
spotdl/util/artresizer.py,method,IMBackend,__init__,A,2,214,232
spotdl/util/artresizer.py,method,IMBackend,get_format,A,2,344,354
spotdl/util/artresizer.py,method,IMBackend,write_metadata,A,2,473,480
spotdl/util/artresizer.py,method,PILBackend,version,A,2,487,491
spotdl/util/artresizer.py,method,PILBackend,get_size,A,2,576,586
spotdl/util/artresizer.py,method,PILBackend,get_format,A,2,604,617
spotdl/util/artresizer.py,method,PILBackend,convert_format,A,2,619,636
spotdl/util/artresizer.py,method,PILBackend,write_metadata,A,2,652,661
spotdl/util/artresizer.py,method,ArtResizer,method,A,2,699,703
spotdl/util/artresizer.py,method,ArtResizer,resize,A,2,705,728
spotdl/util/artresizer.py,method,ArtResizer,deinterlace,A,2,730,741
spotdl/util/artresizer.py,method,ArtResizer,proxy_url,A,2,743,752
spotdl/util/artresizer.py,method,ArtResizer,get_size,A,2,761,771
spotdl/util/artresizer.py,method,ArtResizer,get_format,A,2,774,783
spotdl/util/artresizer.py,method,ArtResizer,can_compare,A,2,818,824
spotdl/util/artresizer.py,method,ArtResizer,compare,A,2,826,837
spotdl/util/artresizer.py,method,ArtResizer,can_write_metadata,A,2,840,846
spotdl/util/artresizer.py,method,ArtResizer,write_metadata,A,2,848,857
spotdl/util/bluelet.py,function,,spawn,A,2,557,563
spotdl/util/bluelet.py,function,,call,A,2,566,573
spotdl/util/bluelet.py,function,,read,A,2,583,599
spotdl/util/bluelet.py,method,Listener,accept,A,2,419,426
spotdl/util/bluelet.py,method,Connection,send,A,2,461,467
spotdl/util/bluelet.py,method,Connection,sendall,A,2,469,473
spotdl/util/bluelet.py,method,SendEvent,fire,A,2,541,545
spotdl/util/deprecation.py,function,,_format_message,A,2,28,34
spotdl/util/deprecation.py,function,,deprecate_imports,A,2,57,73
spotdl/util/functemplate.py,function,,_parse,A,2,499,510
spotdl/util/functemplate.py,method,Symbol,evaluate,A,2,136,145
spotdl/util/functemplate.py,method,Call,translate,A,2,181,210
spotdl/util/functemplate.py,method,Template,substitute,A,2,538,545
spotdl/util/lyrics.py,method,Lyrics,from_item,A,2,85,91
spotdl/util/lyrics.py,method,Lyrics,timestamps,A,2,112,114
spotdl/util/lyrics.py,method,Lyrics,text_lines,A,2,117,119
spotdl/util/pathformats.py,function,,get_path_formats,A,2,20,30
spotdl/util/pipeline.py,function,,_get,A,2,133,137
spotdl/util/pipeline.py,method,PipelineThread,_run_in_context,A,2,244,247
spotdl/util/pipeline.py,method,PipelineThread,abort_all,A,2,260,264
spotdl/util/pipeline.py,function,,coro,A,2,187,191
spotdl/util/pipeline.py,function,,coro,A,2,211,215
spotdl/util/units.py,function,,raw_seconds_short,A,2,4,14
spotdl/util/__init__.py,function,,samefile,A,2,447,454
spotdl/util/__init__.py,function,,truncate_path,A,2,719,725
spotdl/util/__init__.py,function,,legalize_path,A,2,751,786
spotdl/util/__init__.py,function,,plurality,A,2,808,816
spotdl/util/__init__.py,function,,command_output,A,2,864,901
spotdl/util/__init__.py,function,,chunks,A,2,1206,1209
spotdl/util/__init__.py,method,HumanReadableError,log,A,2,121,127
spotdl/util/__init__.py,method,cached_classproperty,__get__,A,2,1099,1105
spotdl/logging.py,function,,_logsafe,A,3,81,102
spotdl/metadata_plugins.py,function,,find_metadata_source_plugins,A,3,47,51
spotdl/metadata_plugins.py,function,,get_metadata_source,A,3,55,59
spotdl/metadata_plugins.py,function,,maybe_handle_plugin_error,A,3,63,74
spotdl/metadata_plugins.py,function,,album_for_id,A,3,137,145
spotdl/metadata_plugins.py,function,,track_for_id,A,3,148,156
spotdl/metadata_plugins.py,function,,get_penalty,A,3,160,168
spotdl/metadata_plugins.py,function,,wrapper,A,3,89,108
spotdl/plugins.py,function,,named_queries,A,3,539,545
spotdl/plugins.py,function,,send,A,3,642,654
spotdl/autotag/distance.py,method,Distance,generic_penalty_keys,A,3,143,147
spotdl/autotag/distance.py,method,Distance,color,A,3,179,184
spotdl/autotag/distance.py,method,Distance,items,A,3,190,204
spotdl/autotag/distance.py,method,Distance,update,A,3,249,256
spotdl/autotag/distance.py,method,Distance,add_number,A,3,306,317
spotdl/autotag/match.py,function,,match_by_id,A,3,266,280
spotdl/autotag/match.py,method,Match,disambig_string,A,3,144,153
spotdl/autotag/match.py,method,AlbumMatch,base_disambig_data,A,3,182,188
spotdl/autotag/match.py,method,AlbumMatch,apply_metadata,A,3,200,211
spotdl/autotag/match.py,method,TrackMatch,base_disambig_data,A,3,228,239
spotdl/dbcore/db.py,method,LazyConvertDict,__getitem__,A,3,207,216
spotdl/dbcore/db.py,method,LazyConvertDict,__delitem__,A,3,218,223
spotdl/dbcore/db.py,method,Model,__getattr__,A,3,625,632
spotdl/dbcore/db.py,method,Model,load,A,3,694,705
spotdl/dbcore/db.py,method,Model,__getstate__,A,3,782,788
spotdl/dbcore/db.py,method,Results,_get_indexed_flex_attrs,A,3,891,900
spotdl/dbcore/db.py,method,Results,_make_model,A,3,902,911
spotdl/dbcore/db.py,method,Database,db_tables,A,3,1186,1209
spotdl/dbcore/db.py,method,Database,_connection,A,3,1213,1229
spotdl/dbcore/db.py,method,Database,add_functions,A,3,1271,1299
spotdl/dbcore/db.py,method,Database,load_extension,A,3,1332,1343
spotdl/dbcore/db.py,method,Database,_migrate,A,3,1408,1414
spotdl/dbcore/query.py,method,FieldQuery,__eq__,A,3,182,186
spotdl/dbcore/query.py,method,StringFieldQuery,value_match,A,3,228,236
spotdl/dbcore/query.py,method,PathQuery,match,A,3,345,355
spotdl/dbcore/query.py,method,CollectionQuery,clause_with_joiner,A,3,553,569
spotdl/dbcore/query.py,method,DateInterval,from_periods,A,3,825,831
spotdl/dbcore/queryparse.py,function,,query_from_strings,A,3,166,181
spotdl/dbcore/sort.py,method,MultipleSort,order_clause,A,3,64,80
spotdl/dbcore/sort.py,method,MultipleSort,is_slow,A,3,82,86
spotdl/dbcore/sort.py,method,FieldSort,__eq__,A,3,155,159
spotdl/dbcore/sort.py,method,FixedFieldSort,order_clause,A,3,166,177
spotdl/dbcore/sort.py,method,SmartArtistSort,order_clause,A,3,213,218
spotdl/dbcore/sort.py,function,,key,A,3,221,223
spotdl/dbcore/types.py,method,Type,from_sql,A,3,124,143
spotdl/dbcore/types.py,method,BaseInteger,normalize,A,3,170,176
spotdl/dbcore/types.py,method,DelimitedString,parse,A,3,304,313
spotdl/dbcore/types.py,method,DateType,parse,A,3,366,377
spotdl/dbcore/types.py,method,BasePathType,normalize,A,3,394,404
spotdl/dbcore/types.py,method,DurationType,format,A,3,471,475
spotdl/dbcore/types.py,method,DurationType,parse,A,3,477,486
spotdl/importer/session.py,method,ImportSession,mark_merged,A,3,277,284
spotdl/importer/stages.py,function,,_ctx_iter,A,3,394,400
spotdl/importer/tasks.py,method,BaseImportTask,__init__,A,3,105,129
spotdl/importer/tasks.py,method,ImportTask,set_choice,A,3,184,206
spotdl/importer/tasks.py,method,ImportTask,add,A,3,514,532
spotdl/importer/tasks.py,method,ImportTask,prune,A,3,663,674
spotdl/importer/tasks.py,method,SingletonImportTask,find_duplicates,A,3,709,728
spotdl/importer/tasks.py,method,SingletonImportTask,remove_duplicates,A,3,732,743
spotdl/importer/tasks.py,method,SentinelImportTask,save_progress,A,3,803,809
spotdl/importer/tasks.py,method,ImportTaskFactory,singleton,A,3,1055,1069
spotdl/library/library.py,method,Library,__init__,A,3,60,75
spotdl/library/library.py,method,Library,get_album,A,3,180,189
spotdl/library/migrations.py,method,MultiValueFieldMigration,convert_to_list_value,A,3,33,39
spotdl/library/models.py,method,LibModel,__format__,A,3,101,105
spotdl/library/models.py,method,Album,art_destination,A,3,506,534
spotdl/library/models.py,method,Item,__getitem__,A,3,798,809
spotdl/library/models.py,method,Item,keys,A,3,820,829
spotdl/library/models.py,method,Item,get,A,3,831,842
spotdl/library/models.py,method,Item,update,A,3,844,851
spotdl/library/models.py,method,DefaultTemplateFunctions,_func_names,A,3,1248,1250
spotdl/library/models.py,method,DefaultTemplateFunctions,tmpl_ifdef,A,3,1520,1535
spotdl/library/queries.py,function,,parse_query_parts,A,3,14,43
spotdl/library/queries.py,function,,parse_query_string,A,3,46,58
spotdl/test/helper.py,method,TestHelper,add_item,A,3,273,293
spotdl/test/helper.py,method,TestHelper,add_album_fixture,A,3,328,348
spotdl/ui/__init__.py,function,,print_,A,3,109,131
spotdl/ui/__init__.py,function,,input_,A,3,174,191
spotdl/ui/__init__.py,method,CommonOptionsParser,add_format_option,A,3,552,580
spotdl/ui/__init__.py,method,SubcommandsOptionParser,parse_global_options,A,3,731,742
spotdl/ui/__init__.py,method,SubcommandsOptionParser,parse_subcommand,A,3,744,759
spotdl/ui/commands/help.py,method,HelpCommand,func,A,3,15,23
spotdl/ui/commands/modify.py,function,,print_and_modify,A,3,68,81
spotdl/ui/commands/modify.py,function,,modify_func,A,3,107,120
spotdl/ui/commands/move.py,function,,move_func,A,3,150,165
spotdl/ui/commands/update.py,function,,update_func,A,3,133,147
spotdl/ui/commands/version.py,function,,show_version,A,3,9,17
spotdl/ui/commands/import_/display.py,method,ChangeRepresentation,make_track_numbers,A,3,162,182
spotdl/ui/commands/import_/session.py,function,,manual_search,A,3,508,521
spotdl/ui/commands/import_/session.py,function,,manual_id,A,3,524,536
spotdl/util/artresizer.py,method,IMBackend,deinterlace,A,3,323,342
spotdl/util/artresizer.py,method,IMBackend,convert_format,A,3,356,373
spotdl/util/artresizer.py,method,PILBackend,deinterlace,A,3,588,602
spotdl/util/artresizer.py,method,ArtResizer,reformat,A,3,785,815
spotdl/util/bluelet.py,function,,kill_thread,A,3,292,303
spotdl/util/bluelet.py,function,,server,A,3,636,657
spotdl/util/bluelet.py,method,Connection,recv,A,3,448,459
spotdl/util/bluelet.py,function,,reader,A,3,587,594
spotdl/util/color.py,function,,colorize,A,3,151,156
spotdl/util/diff.py,function,,_multi_value_diff,A,3,37,46
spotdl/util/functemplate.py,method,Expression,evaluate,A,3,224,234
spotdl/util/functemplate.py,method,Expression,translate,A,3,236,251
spotdl/util/functemplate.py,method,Template,translate,A,3,547,570
spotdl/util/functemplate.py,function,,wrapper_func,A,3,561,568
spotdl/util/id_extractors.py,function,,extract_release_id,A,3,50,69
spotdl/util/layout.py,function,,get_layout_lines,A,3,339,352
spotdl/util/lyrics.py,method,Lyrics,from_legacy_text,A,3,70,82
spotdl/util/lyrics.py,method,Lyrics,_split_lines,A,3,100,108
spotdl/util/pipeline.py,function,,_invalidate_queue,A,3,55,94
spotdl/util/pipeline.py,function,,_allmsgs,A,3,220,230
spotdl/util/pipeline.py,method,CountedQueue,acquire,A,3,108,115
spotdl/util/pipeline.py,method,PipelineThread,abort,A,3,249,258
spotdl/util/units.py,function,,human_bytes,A,3,25,34
spotdl/util/__init__.py,function,,open_anything,A,3,926,938
spotdl/util/__init__.py,function,,editor_command,A,3,941,950
spotdl/util/__init__.py,function,,interactive_open,A,3,954,973
spotdl/util/__init__.py,function,,get_temp_filename,A,3,1176,1198
spotdl/util/__init__.py,method,HumanReadableError,_gerund,A,3,96,102
spotdl/util/__init__.py,method,LazySharedInstance,__get__,A,3,1142,1152
spotdl/metadata_plugins.py,method,SearchApiMetadataSourcePlugin,_search_api,A,4,403,430
spotdl/plugins.py,function,,feat_tokens,A,4,658,672
spotdl/plugins.py,method,PluginLogFilter,filter,A,4,135,141
spotdl/plugins.py,method,SpotdlPlugin,__init__,A,4,227,249
spotdl/__init__.py,method,IncludeLazyConfig,read,A,4,38,47
spotdl/autotag/distance.py,method,Distance,add_data_source,A,4,357,361
spotdl/autotag/hooks.py,method,Info,raw_data,A,4,189,198
spotdl/autotag/hooks.py,method,AlbumInfo,raw_data,A,4,314,321
spotdl/autotag/hooks.py,method,TrackInfo,merge_with_album,A,4,512,536
spotdl/autotag/match.py,method,Match,disambig_fields,A,4,127,136
spotdl/dbcore/db.py,method,Model,_check_db,A,4,463,473
spotdl/dbcore/db.py,method,Model,_setitem,A,4,543,563
spotdl/dbcore/db.py,method,Model,__delitem__,A,4,569,579
spotdl/dbcore/db.py,method,Model,add,A,4,715,736
spotdl/dbcore/db.py,method,Results,__len__,A,4,913,928
spotdl/dbcore/db.py,method,Database,__init__,A,4,1142,1183
spotdl/dbcore/pathutils.py,function,,expand_path_from_db,A,4,47,53
spotdl/dbcore/query.py,function,,find_date_and_format,A,4,742,753
spotdl/dbcore/query.py,method,NumericQuery,_convert,A,4,439,454
spotdl/dbcore/query.py,method,DateInterval,__init__,A,4,818,822
spotdl/dbcore/query.py,method,DateQuery,col_clause,A,4,866,886
spotdl/dbcore/query.py,method,DurationQuery,_convert,A,4,898,913
spotdl/dbcore/queryparse.py,function,,parse_query_part,A,4,45,112
spotdl/dbcore/queryparse.py,function,,sort_from_strings,A,4,213,227
spotdl/dbcore/types.py,method,Type,format,A,4,88,100
spotdl/importer/session.py,method,ImportSession,already_merged,A,4,268,275
spotdl/importer/stages.py,function,,read_tasks,A,4,47,68
spotdl/importer/stages.py,function,,log_files,A,4,260,267
spotdl/importer/stages.py,function,,_apply_choice,A,4,313,333
spotdl/importer/state.py,method,ImportState,progress_add,A,4,105,115
spotdl/importer/tasks.py,method,ImportTask,imported_items,A,4,244,257
spotdl/importer/tasks.py,method,ImportTask,set_fields,A,4,299,318
spotdl/importer/tasks.py,method,ImportTask,handle_created,A,4,365,377
spotdl/importer/tasks.py,method,ImportTask,remove_replaced,A,4,635,646
spotdl/importer/tasks.py,method,SingletonImportTask,chosen_info,A,4,687,697
spotdl/importer/tasks.py,method,ArchiveImportTask,is_archive,A,4,856,866
spotdl/library/library.py,method,Library,get_replacements,A,4,47,58
spotdl/library/models.py,method,Item,_cached_album,A,4,740,753
spotdl/test/helper.py,function,,has_program,A,4,85,98
spotdl/test/helper.py,method,TestHelper,create_mediafile_fixture,A,4,350,376
spotdl/test/helper.py,method,TestHelper,touch,A,4,387,406
spotdl/test/helper.py,method,ImportHelper,prepare_album_for_import,A,4,561,583
spotdl/test/helper.py,method,ImportSessionFixture,choose_match,A,4,652,663
spotdl/test/helper.py,method,AutotagStub,_make_album_match,A,4,809,831
spotdl/ui/__init__.py,function,,_stream_encoding,A,4,77,95
spotdl/ui/__init__.py,function,,_bool_fallback,A,4,137,144
spotdl/ui/__init__.py,function,,_ensure_db_directory_exists,A,4,828,837
spotdl/ui/__init__.py,method,SubcommandsOptionParser,_subcommand_for_name,A,4,721,729
spotdl/ui/commands/completion.py,function,,print_completion,A,4,13,20
spotdl/ui/commands/list.py,function,,list_items,A,4,6,15
spotdl/ui/commands/move.py,function,,show_path_changes,A,4,22,60
spotdl/ui/commands/import_/display.py,method,ChangeRepresentation,show_match_header,A,4,67,95
spotdl/ui/commands/import_/__init__.py,function,,parse_logfiles,A,4,35,47
spotdl/util/artresizer.py,method,IMBackend,get_size,A,4,291,321
spotdl/util/artresizer.py,method,ArtResizer,__init__,A,4,672,694
spotdl/util/bluelet.py,function,,complete_thread,A,4,247,263
spotdl/util/deprecation.py,function,,maybe_replace_legacy_field,A,4,76,89
spotdl/util/diff.py,function,,colordiff,A,4,15,31
spotdl/util/extension.py,function,,remux_mpeglayer3_wav,A,4,154,182
spotdl/util/functemplate.py,function,,ex_call,A,4,71,84
spotdl/util/functemplate.py,method,Call,evaluate,A,4,165,179
spotdl/util/lyrics.py,method,Lyrics,sylt,A,4,122,138
spotdl/util/lyrics.py,method,Lyrics,full_text,A,4,151,162
spotdl/util/pipeline.py,method,CountedQueue,release,A,4,117,144
spotdl/util/pipeline.py,method,Pipeline,__init__,A,4,398,410
spotdl/util/units.py,function,,human_seconds,A,4,37,61
spotdl/util/__init__.py,function,,ancestry,A,4,184,205
spotdl/util/__init__.py,function,,mkdirall,A,4,280,290
spotdl/util/__init__.py,function,,components,A,4,356,377
spotdl/util/__init__.py,function,,bytestring_path,A,4,380,399
spotdl/util/__init__.py,function,,as_string,A,4,794,805
spotdl/util/__init__.py,function,,get_max_filename_length,A,4,905,923
spotdl/util/__init__.py,function,,asciify_path,A,4,1024,1044
spotdl/util/__init__.py,method,HumanReadableError,_reasonstr,A,4,104,113
spotdl/util/__init__.py,method,FilesystemError,get_message,A,4,140,155
spotdl/plugins.py,function,,types,A,5,522,536
spotdl/plugins.py,function,,apply_item_changes,A,5,676,700
spotdl/plugins.py,function,,wrapper,A,5,326,338
spotdl/autotag/distance.py,function,,_string_dist_basic,A,5,47,61
spotdl/autotag/distance.py,method,Distance,add_equality,A,5,279,295
spotdl/autotag/hooks.py,method,AlbumInfo,item_data,A,5,324,334
spotdl/autotag/hooks.py,method,TrackInfo,__init__,A,5,456,510
spotdl/autotag/match.py,function,,assign_items,A,5,67,95
spotdl/dbcore/db.py,method,Results,__getitem__,A,5,938,953
spotdl/dbcore/db.py,method,Transaction,__exit__,A,5,992,1019
spotdl/dbcore/db.py,method,Transaction,_handle_mutate,A,5,1031,1056
spotdl/dbcore/db.py,method,Database,_create_connection,A,5,1231,1269
spotdl/dbcore/db.py,method,Database,_make_table,A,5,1347,1369
spotdl/dbcore/pathutils.py,function,,normalize_path_for_db,A,5,32,44
spotdl/dbcore/query.py,method,PathQuery,__init__,A,5,292,322
spotdl/dbcore/query.py,method,DateInterval,contains,A,5,833,838
spotdl/dbcore/queryparse.py,function,,construct_query_part,A,5,115,162
spotdl/dbcore/sort.py,method,MultipleSort,sort,A,5,88,102
spotdl/dbcore/sort.py,function,,key,A,5,131,142
spotdl/importer/session.py,method,ImportSession,ask_resume,A,5,293,309
spotdl/importer/stages.py,function,,group_albums,A,5,103,127
spotdl/importer/tasks.py,method,ImportTask,chosen_info,A,5,231,231
spotdl/importer/tasks.py,method,ArchiveImportTask,handlers,A,5,869,897
spotdl/importer/tasks.py,method,ImportTaskFactory,paths,A,5,1035,1053
spotdl/importer/tasks.py,method,ImportTaskFactory,unarchive,A,5,1104,1131
spotdl/library/library.py,method,Library,add_album,A,5,95,120
spotdl/library/models.py,method,LibModel,field_query,A,5,116,140
spotdl/library/models.py,method,FormattedItemMapping,_get,A,5,212,224
spotdl/library/models.py,method,Album,remove,A,5,371,395
spotdl/library/models.py,method,Album,move,A,5,447,475
spotdl/library/models.py,method,Item,try_sync,A,5,965,984
spotdl/library/models.py,method,Item,remove,A,5,1070,1098
spotdl/library/models.py,method,DefaultTemplateFunctions,tmpl_if,A,5,1304,1319
spotdl/library/models.py,method,DefaultTemplateFunctions,tmpl_sunique,A,5,1374,1406
spotdl/test/helper.py,method,ImportSessionFixture,resolve_duplicate,A,5,671,682
spotdl/test/helper.py,method,ImageRequestMocker,get,A,5,861,888
spotdl/ui/__init__.py,function,,_configure,A,5,791,825
spotdl/ui/__init__.py,function,,_raw_main,A,5,861,949
spotdl/ui/commands/import_/display.py,method,ChangeRepresentation,make_medium_info_line,A,5,126,139
spotdl/ui/commands/import_/display.py,method,ChangeRepresentation,make_line,A,5,230,263
spotdl/ui/commands/import_/__init__.py,function,,paths_from_logfile,A,5,15,32
spotdl/ui/commands/import_/__init__.py,function,,_store_dict,A,5,135,158
spotdl/util/artresizer.py,method,IMBackend,resize,A,5,234,289
spotdl/util/bluelet.py,method,Connection,readline,A,5,475,493
spotdl/util/diff.py,function,,get_model_changes,A,5,87,109
spotdl/util/functemplate.py,method,Parser,parse_argument_list,A,5,458,487
spotdl/util/m3u.py,method,M3UFile,write,A,5,77,96
spotdl/util/__init__.py,function,,fnmatch_all,A,5,294,306
spotdl/util/__init__.py,function,,displayable_path,A,5,405,421
spotdl/util/__init__.py,function,,syspath,A,5,424,444
spotdl/util/__init__.py,function,,remove,A,5,457,468
spotdl/util/__init__.py,function,,copy,A,5,472,488
spotdl/util/__init__.py,function,,unique_path,A,5,648,668
spotdl/util/__init__.py,function,,sanitize_path,A,5,685,703
spotdl/metadata_plugins.py,method,MetadataSourcePlugin,get_artist,B,6,281,326
spotdl/autotag/distance.py,method,Distance,add_priority,B,6,319,337
spotdl/autotag/hooks.py,method,AttrDict,__getattribute__,B,6,111,132
spotdl/autotag/hooks.py,method,TrackInfo,raw_data,B,6,435,454
spotdl/dbcore/db.py,method,FormattedMapping,_get_formatted,B,6,157,173
spotdl/dbcore/db.py,method,Model,_type,B,6,493,514
spotdl/dbcore/db.py,method,Model,_get,B,6,516,533
spotdl/dbcore/query.py,method,NumericQuery,col_clause,B,6,487,501
spotdl/dbcore/query.py,method,Period,parse,B,6,725,784
spotdl/importer/session.py,method,ImportSession,already_imported,B,6,246,257
spotdl/importer/stages.py,function,,query_tasks,B,6,71,95
spotdl/importer/tasks.py,method,ImportTask,remove_duplicates,B,6,270,296
spotdl/importer/tasks.py,method,ImportTask,finalize,B,6,320,338
spotdl/importer/tasks.py,method,ImportTask,record_replaced,B,6,534,555
spotdl/importer/tasks.py,method,ArchiveImportTask,cleanup,B,6,899,929
spotdl/importer/tasks.py,method,ArchiveImportTask,extract,B,6,932,963
spotdl/importer/tasks.py,method,ImportTaskFactory,read_item,B,6,1133,1159
spotdl/library/library.py,method,Library,_fetch,B,6,124,148
spotdl/library/migrations.py,method,RelativePathMigration,_migrate_field,B,6,226,256
spotdl/library/models.py,method,FormattedItemMapping,album_keys,B,6,196,206
spotdl/library/models.py,method,FormattedItemMapping,__getitem__,B,6,226,245
spotdl/library/models.py,method,Album,_albumtotal,B,6,486,504
spotdl/library/models.py,method,Album,set_art,B,6,536,566
spotdl/library/models.py,method,Item,move,B,6,1100,1152
spotdl/ui/__init__.py,function,,show_model_changes,B,6,427,453
spotdl/ui/commands/config.py,function,,config_edit,B,6,48,67
spotdl/ui/commands/import_/display.py,method,ChangeRepresentation,format_index,B,6,141,160
spotdl/ui/commands/import_/display.py,method,ChangeRepresentation,make_track_lengths,B,6,201,228
spotdl/util/bluelet.py,function,,advance_thread,B,6,265,290
spotdl/util/color.py,function,,get_color_config,B,6,117,141
spotdl/util/functemplate.py,function,,compile_func,B,6,87,120
spotdl/util/m3u.py,method,M3UFile,load,B,6,43,61
spotdl/util/pipeline.py,method,LastPipelineThread,run,B,6,365,389
spotdl/util/__init__.py,function,,link,B,6,553,573
spotdl/plugins.py,function,,get_plugin_names,B,7,398,436
spotdl/plugins.py,method,SpotdlPlugin,_verify_config,B,7,251,277
spotdl/autotag/hooks.py,method,Info,_get_list_from_string_value,B,7,254,274
spotdl/dbcore/db.py,method,Results,_get_objects,B,7,843,876
spotdl/dbcore/types.py,method,DelimitedString,normalize,B,7,315,336
spotdl/importer/session.py,method,ImportSession,log_choice,B,7,158,177
spotdl/importer/stages.py,function,,user_query,B,7,151,219
spotdl/importer/tasks.py,method,ImportTask,find_duplicates,B,7,389,420
spotdl/importer/tasks.py,method,ImportTask,reimport_metadata,B,7,557,633
spotdl/importer/tasks.py,method,ImportTaskFactory,tasks,B,7,984,1020
spotdl/importer/tasks.py,method,ImportTaskFactory,album,B,7,1071,1096
spotdl/library/migrations.py,method,MultiValueFieldMigration,_migrate_data,B,7,41,86
spotdl/library/models.py,method,Item,__setitem__,B,7,782,796
spotdl/library/models.py,method,Item,read,B,7,869,898
spotdl/library/models.py,method,DefaultTemplateFunctions,tmpl_aunique,B,7,1332,1371
spotdl/test/helper.py,method,TerminalImportSessionFixture,_add_choice_input,B,7,707,726
spotdl/test/helper.py,method,AutotagStub,candidates,B,7,775,788
spotdl/ui/__init__.py,function,,input_select_objects,B,7,382,417
spotdl/ui/commands/modify.py,function,,modify_parse_args,B,7,84,104
spotdl/ui/commands/write.py,function,,write_items,B,7,14,40
spotdl/ui/commands/import_/session.py,function,,_summary_judgment,B,7,331,364
spotdl/ui/commands/import_/__init__.py,function,,import_files,B,7,50,79
spotdl/util/color.py,function,,color_split,B,7,172,205
spotdl/util/config.py,function,,sanitize_choices,B,7,9,26
spotdl/util/layout.py,function,,get_newline_layout,B,7,292,330
spotdl/util/pipeline.py,method,FirstPipelineThread,run,B,7,278,303
spotdl/util/pipeline.py,method,Pipeline,pull,B,7,482,505
spotdl/util/__init__.py,function,,hardlink,B,7,576,607
spotdl/util/__init__.py,function,,reflink,B,7,611,645
spotdl/util/__init__.py,function,,get_most_common_tags,B,7,819,855
spotdl/autotag/hooks.py,method,Info,item_data,B,8,201,219
spotdl/dbcore/db.py,method,Database,_fetch,B,8,1431,1486
spotdl/dbcore/query.py,method,NumericQuery,match,B,8,471,485
spotdl/dbcore/query.py,method,Period,open_right_endpoint,B,8,786,808
spotdl/dbcore/queryparse.py,function,,construct_sort_part,B,8,184,210
spotdl/dbcore/queryparse.py,function,,parse_sorted_query,B,8,230,271
spotdl/importer/stages.py,function,,_resolve_duplicates,B,8,336,373
spotdl/importer/tasks.py,function,,_reduce_and_log,B,8,562,587
spotdl/ui/__init__.py,method,CommonOptionsParser,_set_format,B,8,495,530
spotdl/ui/commands/stats.py,function,,show_stats,B,8,13,49
spotdl/ui/commands/utils.py,function,,do_query,B,8,6,29
spotdl/ui/commands/import_/display.py,method,ChangeRepresentation,show_match_details,B,8,97,124
spotdl/util/functemplate.py,method,Parser,parse_symbol,B,8,374,418
spotdl/util/functemplate.py,method,Parser,parse_call,B,8,420,456
spotdl/util/pipeline.py,method,MiddlePipelineThread,run,B,8,318,352
spotdl/util/__init__.py,function,,case_sensitive,B,8,976,1021
spotdl/autotag/match.py,function,,_add_candidate,B,9,345,393
spotdl/dbcore/db.py,method,Model,store,B,9,648,692
spotdl/importer/session.py,method,ImportSession,set_config,B,9,100,150
spotdl/importer/stages.py,function,,manipulate_files,B,9,277,306
spotdl/importer/tasks.py,method,ImportTask,cleanup,B,9,340,360
spotdl/library/models.py,method,Item,write,B,9,900,950
spotdl/library/models.py,method,Item,move_file,B,9,988,1038
spotdl/ui/commands/import_/session.py,method,TerminalImportSession,choose_item,B,9,106,144
spotdl/util/artresizer.py,method,IMBackend,version,B,9,180,208
spotdl/util/artresizer.py,method,IMBackend,compare,B,9,379,467
spotdl/util/artresizer.py,method,PILBackend,resize,B,9,500,574
spotdl/util/hidden.py,function,,is_hidden,B,9,25,62
spotdl/util/lyrics.py,method,Lyrics,__post_init__,B,9,40,66
spotdl/plugins.py,function,,_get_plugin,B,10,439,476
spotdl/autotag/distance.py,function,,track_distance,B,10,383,426
spotdl/autotag/hooks.py,function,,ensure_first_value,B,10,72,95
spotdl/autotag/match.py,function,,_recommendation,B,10,283,337
spotdl/importer/session.py,method,ImportSession,run,B,10,191,242
spotdl/ui/commands/completion.py,function,,completion_script,B,10,44,117
spotdl/ui/commands/config.py,function,,config_func,B,10,10,45
spotdl/ui/commands/import_/display.py,method,ChangeRepresentation,print_tracklist,B,10,265,301
spotdl/ui/commands/import_/session.py,function,,summarize_items,B,10,288,328
spotdl/ui/commands/import_/session.py,method,TerminalImportSession,_get_choices,B,10,213,285
spotdl/util/diff.py,function,,_field_diff,B,10,49,84
spotdl/util/__init__.py,function,,prune_dirs,B,10,309,353
spotdl/util/__init__.py,function,,move,B,10,492,550
spotdl/plugins.py,method,SpotdlPlugin,__init_subclass__,C,11,173,225
spotdl/importer/tasks.py,method,ImportTask,manipulate_files,C,11,466,512
spotdl/library/models.py,method,Album,move_art,C,11,397,445
spotdl/ui/__init__.py,method,SubcommandsOptionParser,format_help,C,11,669,719
spotdl/ui/__init__.py,function,,main,C,12,952,1000
spotdl/ui/commands/remove.py,function,,remove_items,C,12,8,67
spotdl/autotag/distance.py,function,,string_dist,C,13,64,119
spotdl/autotag/match.py,function,,tag_album,C,13,397,482
spotdl/library/models.py,method,Album,store,C,13,568,602
spotdl/ui/commands/import_/session.py,method,TerminalImportSession,choose_match,C,13,28,104
spotdl/ui/commands/import_/__init__.py,function,,import_func,C,13,82,132
spotdl/util/pipeline.py,method,Pipeline,run_parallel,C,13,419,480
spotdl/autotag/match.py,function,,tag_item,C,14,485,541
spotdl/library/models.py,method,DefaultTemplateFunctions,_tmpl_unique,C,14,1415,1502
spotdl/ui/commands/import_/display.py,method,AlbumChange,show_match_tracks,C,14,307,359
spotdl/util/extension.py,function,,fix_extension,C,14,83,151
spotdl/util/layout.py,function,,get_column_layout,C,14,183,289
spotdl/util/__init__.py,function,,sorted_walk,C,14,208,270
spotdl/importer/tasks.py,method,ImportTask,align_album_level_fields,C,15,422,464
spotdl/library/migrations.py,method,LyricsMetadataInFlexFieldsMigration,_migrate_data,C,15,144,218
spotdl/ui/commands/import_/session.py,method,TerminalImportSession,resolve_duplicate,C,15,146,203
spotdl/util/functemplate.py,method,Parser,parse_expression,C,15,297,372
spotdl/library/models.py,method,Item,destination,C,16,1157,1224
spotdl/ui/commands/modify.py,function,,modify_items,C,16,11,65
spotdl/util/config.py,function,,sanitize_pairs,C,17,29,75
spotdl/util/bluelet.py,function,,_event_select,C,19,148,203
spotdl/importer/tasks.py,function,,albums_in_dir,D,21,1184,1284
spotdl/ui/commands/move.py,function,,move_items,D,22,63,147
spotdl/util/bluelet.py,function,,run,D,25,227,396
spotdl/util/layout.py,function,,split_into_lines,D,26,58,180
spotdl/autotag/distance.py,function,,distance,D,30,429,542
spotdl/ui/commands/import_/session.py,function,,choose_candidate,E,32,367,505
spotdl/ui/commands/update.py,function,,update_items,E,34,15,130
spotdl/ui/__init__.py,function,,input_options,E,40,194,367
